SHA-256,push,mov,call,sub,jmp,add,cmp,test,lea,pop,FindFirstFile,SearchPathW,SetFilePointer,FindResourceEx,GetFileAttributesW,SetFileAttributesW,SetFilePointerEx,CryptEncrypt,CreateThread,FindResourceExW,family
0cd28b912cf4d9898a6f03c4edfd73d1d90faf971ad84b28c6c254408ad7630f,2191,1324,886,131,299,200,551,147,206,309,118,7,161,5,229,145,143,88,11,5,1
0d56de71fd541b777edbd246e23360cbcab6bddd2ed18ac078fcf29533738a93,8081,9880,5287,2356,5607,4211,3384,1391,627,4366,7,3,0,13,104,0,0,4,12,13,1
0d5461dd543b8c6a71c7987d7069b8c81ad40d28d7fb31da7796f463e351020d,7650,12859,1023,2103,1198,9487,2936,1394,557,3861,2,2,0,0,2,2,0,0,2,0,1
1cb6e2a2526f332fe132ab8905cd4cae65a1f7ef7aa4f9bf351f7f323f3b32c9,664,2227,828,215,17,258,14,7,6,33,21,8179,12,71,70,4,2,4,11,71,1
1eef5d3f564b8768d3356319fb4bd081b961bfb2fd7fefce3f4dadc80ef534d4,694,2200,828,216,17,258,14,4,6,63,24,8174,12,23,73,4,2,4,11,23,1
1f767e658585f751002e4b3ef083ae7317628a0edb068b5c00aee13a11fc6e63,10571,10334,2703,2573,1388,3734,3105,1616,1112,5020,257,6,451,576,858,251,192,116,38,574,1
3a7e74f0ecf5c9b44add16fceb394def8a7789334906a710e476e7f361cd38c2,351,904,262,119,75,127,39,24,24,88,36,8,6,3,53,4,2,5,8,3,1
3bb5725f06379a042e81b51ef32617f5ea8e02ef2c5bab4ae602bc3bd181c972,2285,1341,924,146,309,218,574,161,219,333,124,16,591,591,575,153,166,101,20,591,1
3d027f93694b68a89a385c28217b35806eec19e6f9433da82a2b61eb85398019,6572,10947,2249,2624,2475,2976,2965,1603,624,5183,263,4,199,571,779,253,197,119,29,571,1
6b9693bfc7e7b3d26bafb65e7368c091e874fc8b05ca202076fd3ee3c2e9550a,2157,1358,886,135,299,200,551,159,206,275,124,13,624,587,571,152,164,100,21,587,1
7a61ca0cd624f85a02a3d168764a589593ff19ca4edb41be92f16ffb521ffad1,698,2197,828,216,17,258,14,5,6,67,22,8174,12,46,72,4,2,4,12,46,1
7d4feff258cc047570614cc192706671e30cfa8fb81f23356f6c2c794ca4e68c,2166,1349,886,130,299,200,551,147,206,284,124,13,640,564,569,151,161,98,21,564,1
8a2fb749949f4733b0825f66e880940ee5527156074d3aaaaf37ee3b7b90785d,6572,10947,2249,2624,2475,2976,2965,1603,624,5183,266,4,299,584,796,254,196,119,28,584,1
8b3f0b07b8b423bf8b708d06ed59f028b7c5a62f2ef8c0a108409fcd58dd791a,5430,9453,1301,2296,1162,10266,2672,1518,582,8064,257,2,368,585,845,238,108,67,38,585,1
9a6164b2628a14950961ff1031f5f2a77f3d5920c92174abd6802e66eb2229a9,688,2204,828,217,17,258,14,5,6,57,22,8174,12,8,72,4,2,4,11,8,1
9db8770e6d1f18eb98aecd9cb18e67c85baa53ba1b53e02cb12dd897f93e3ac7,5442,9441,1301,2298,1162,10266,2672,1514,582,8076,257,2,403,608,850,243,143,87,38,608,1
9f7966228999bbe7b3ad36e9d5c95d4b3d400e078f0046db908788d07fbd7dc6,10168,10612,2575,2690,1092,3838,3408,1881,606,4643,254,3,387,600,843,238,128,78,36,600,1
10c4aa6aeb88bc3da851b75a2363178aa543002233be9eb97464623f7994291d,194,505,95,51,31,161,19,5,7,112,4625,1,71,3,25,1,3,4,5,3,1
16e2c661b13089b38aa8f3ade233d3cdd2a8b682fc2d9e0795279f782171474d,2270,1488,1064,98,473,873,572,217,211,461,126,18,557,591,569,149,127,79,22,591,1
18fa8f54d2df6708c2c66ed4e3b1e465e1d7464ede7e2d76bde18bf8f620c3e4,5449,9434,1301,2298,1162,10266,2672,1515,582,8083,254,2,398,571,847,242,138,84,38,571,1
28b28111884badedf0870be7bef1e417b3ddea12eb06b1c431e992be39d6bf8e,695,2199,828,216,17,258,14,5,6,64,23,8174,12,11,72,4,2,4,11,11,1
33f51bc65501f737c3411ddc0645a26b0777c912bf6b66a62e8cf7b433d04e9b,5670,8563,1321,1505,1208,23210,1821,3114,467,4339,6272,4,69,5,11,1,1,4,4,5,1
47f4229f3f433d5591fa59599a2496a21030b13187c7ebf8759beec2a25c0a5d,690,2202,828,216,17,258,14,6,6,59,21,8174,12,8,72,4,2,4,11,8,1
52d15703f2f8c463669b05d48914d0905e2d9c2628f3d48b2f4c935b034e6f64,6571,10948,2249,2625,2475,2976,2965,1603,624,5182,266,9,238,601,796,253,205,123,30,601,1
60d73258ca23674507f4a882a2c49faa648975e9ed810d9a93d49e6de207b060,686,2207,828,216,17,258,14,4,6,55,2,2,0,2,0,0,0,0,2,2,1
60f8b6d462659f2e33e2d80ee76961e809b631b29958472be6d16304631f7b44,684,2208,828,216,17,258,14,5,6,53,29,8174,12,8,72,4,2,4,11,8,1
75dd3608de0296ec53cebaf935b7142265799894b4eeea2a7794a059ffc5e3e6,690,2202,828,215,17,258,14,4,6,59,30,8174,12,13,72,4,2,4,11,13,1
078de7d019f5f1e546aa29af7123643bd250341af71506e6256dfee8f245a2a7,23811,47259,11910,2236,4939,8402,7687,4273,9074,7159,2,0,2,0,2,0,0,0,0,0,1
81c85319217d31eca7968a889105cac75ef32be409978dba5bdfe47cbe8ff485,10171,10613,2575,2689,1092,3834,2408,1903,607,4646,254,0,378,591,845,237,119,73,38,591,1
84cbffb84b7c9ced79b511f82a15414d9202ab68479dfe44cec7b745ed12f973,23636,47033,11799,2226,4805,8460,7715,4302,8820,7157,952,0,67,0,1053,0,0,0,0,0,1
96e4b1a3d225d6a3a49b89d3a4a0f2095e5e667ecc2168fc91fbc1612fdfab1b,2156,1359,886,133,299,200,551,157,206,274,124,16,584,578,567,150,168,101,20,578,1
225ec52d18f40326301666d1914aa870b2c2c77a9891e1baffd67d34bb508c97,194,505,95,52,31,161,19,5,7,112,9377,1,71,3,25,1,3,4,5,3,1
331cc04171c61e3b49128146d708622058815469911fe15aad1f16a4d0ff1fe1,37438,15583,1243,3412,1510,26680,7119,2362,7624,21579,4,0,6,6,5,1,0,4,3,6,1
446a7327773eff4c2cbd0ded843603517e1f06ae2dcc194d0fa525de5f3d98af,2245,1381,924,156,309,218,574,161,219,293,124,16,574,578,573,152,149,92,20,578,1
620d00c17bff11803acd34235d44d8ef07550877a9168cf95fdd081de9ae18b2,5106,8445,1681,2407,3366,12438,3545,1411,487,4827,4,2,2,2,2,0,0,0,2,2,1
721b2b38e67387f73ebad1c347c8190d222034cbf6527bcfe9053dde8fcdd3cc,2072,1443,886,91,299,200,551,218,206,190,124,16,644,578,574,151,167,101,21,578,1
726f87f336b6d8257d564bf27f2f8fd22ee3a9a6da2e2a2103fe764a5e8af04d,2249,1377,924,144,309,218,574,158,219,297,124,16,642,578,573,150,153,182,21,578,1
744ac9ddf206073aa4e2b92a61bca40abe6c022d7aeee3921e7639036f23a667,189,510,95,51,31,161,19,8,7,107,9018,1,71,3,25,1,3,4,5,3,1
772cad26853c7d8ea8f1023f6e3cba219cc9bb1db1cd31ad2b979e59d3d9c631,23636,47033,11799,2226,4805,8460,7715,4302,8820,7157,952,0,67,0,1052,0,0,0,0,0,1
824ab34b2a34ccc9ef69f5fa851ba7ec87042443ecaeb6a573f43f9c944f43a4,664,2227,828,215,17,258,14,7,6,33,30,8174,12,11,72,4,2,4,11,11,1
0927d239277035f28b64f69428bca288a2efed9cbcf2addfe0c43cf32b7a180f,6571,10948,2249,2624,2475,2977,2965,1602,624,5182,263,7,235,597,794,254,202,122,28,597,1
1255ae363438f2b5cd225c2f1863bb27d337fa247d4f49328ac1d0ad3592a665,10568,10339,2702,2564,1386,3735,3105,1608,1112,5016,261,14,436,615,860,250,177,108,40,613,1
21043cb4d201a6a5daf06ff34f703d6e306da8ff14aaf1b0880bcd79bf5833a7,2251,1375,924,149,309,218,574,153,219,299,124,16,560,578,571,149,134,162,20,578,1
242181fc34195146896cf99a1d3796b89485b2fa3668122f430ac8107320948d,2240,1386,924,147,309,218,574,163,219,288,124,16,578,578,569,150,153,93,20,578,1
871093a0f144cdc4e6f47058f824db4bb6c3f06493c64465e8717488fcb6fd90,6571,10948,2249,2625,2475,2976,2965,1604,624,5182,270,10,207,611,793,250,174,106,28,611,1
679684697ee06a22c48b9ffa98fc4aa76ebec4ca1433b21ae19e0c7f8a5eeab3,1844,3890,615,690,309,7563,744,375,159,1212,8851,4,69,3,22,1,1,4,3,3,1
a1a1e34dbc30a46811f5b717f808908412aa6f3d6840aa526d5c0154e008558e,356,900,262,119,75,126,39,24,24,93,33,8,6,3,53,4,2,5,8,3,1
a3f6405a4093b2c4ae24b1c097b7b6903d4d014bb4761e30ffbf4c398e426c1a,33064,15929,1025,2691,1482,12131,3544,1512,778,4384,122,5724,609,579,529,147,141,168,21,579,1
a4c83fdffbf371ea337a753c609af49e62a1f8d4a41dd5914d16f7e2cbc7cb0f,10169,10615,2575,2690,1092,3834,3408,1882,607,4644,254,5,380,604,845,237,121,74,38,604,1
a44a932f0ae375fab03a7098806bec205b2692bd50fdb533c39c0eb94797feae,5207,9046,995,2396,1072,4399,2781,1503,586,4130,268,10,186,612,753,248,183,111,28,612,1
a71db9bee94bb26348cf911d8aae34e84cdf94317ce65e1bd749391125ffaade,1846,3888,615,690,309,7563,744,377,159,1214,3780,4,69,3,22,1,1,4,3,3,1
a387b102b68e3a206d4b6cb5f0d2100b9082746be283fbb333a1d4c3dc8272d5,348,908,262,119,75,126,39,24,24,85,29,8,6,0,46,4,2,5,6,0,1
a497dfdbf21b6b6a32fcc1a9bafa7066e8e66fda0875fcbc4c7080a4f8654130,172,524,95,51,31,161,19,6,7,90,10449,1,4257,3,862,1,4189,4,8,3,1
aba33cab56f5d74348b88cacc3db1464c0a2922633d76f445842c18aa3b3b7dd,7223,11181,793,15864,1252,50248,4109,2493,689,5785,0,0,0,0,0,0,0,0,0,0,1
af06022fe587fd5c32e9974b20b21b5333b5f20b0d6fda3f537ebc470e3ba685,1833,3899,615,688,309,7563,744,375,159,1201,10444,4,5145,3,1037,1,5077,4,6,3,1
b2f2ac6419392e3202cf057ef928104f795afb3e96747d85a62937cc6c7d8c9b,7554,8906,2684,662,915,1005,1746,1166,718,1332,262,13,1393,587,835,404,737,444,25,587,1
b2f644f5e3d2040ef24f9ca3a36de0c8606a00f30a0da4fbad471db7d2b2a377,4673,5822,848,1278,1067,6701,1604,1353,574,2490,62,77,1458,1778,1453,227,462,5,83,1778,1
b56a8326c87bb9f8aa3d277dbd99c0657dd518fbc6f142ab61276e42bf9b1973,33060,15931,1025,2694,1482,12131,3544,1512,778,4380,176,5726,3352,595,1475,638,2447,2922,27,595,1
b60f2abca2515ab7c447ab5b237a50c634357f7d4c9591b76c0b44829ad30460,2154,1472,924,95,309,218,574,226,219,202,3529,3,94,3,69,5,0,4,5,3,1
b9170a6678f62a8484ec8c75b1a0d5d3ee620154d8d8f07a7a748f45781e3116,4674,8400,1066,2403,2749,10058,3536,1403,484,3141,326,24,222,743,872,299,217,132,31,743,1
cbd0406e2311f9852fc7d5e836ce28886b84bf95aa9ff4b0f27beddd8c35fd6c,351,905,262,119,75,126,39,24,24,88,53,32,169,328,113,22,2,5,28,328,1
d98f9c981da1fa1dfba351472d8eec3ab2adf6b2b58b1c4ec42ac8204fbfb45a,2242,1384,924,143,309,218,574,166,219,290,184,16,1103,590,626,196,178,107,27,590,1
deb1f9d82f62df4f707e68af480ccbb365ebd65eb9606c11c08a2b610f32ff7d,37446,15574,1243,3415,1510,26680,7119,2363,7624,21587,4,0,6,6,5,1,0,4,3,6,1
e12a4ebbb7481c4e357853bd2613a51bfc5186cba74e2d45918c8e3d4a63d1ee,5449,9435,1301,2298,1162,10266,2672,1515,582,8083,297,5,412,601,962,283,124,76,42,601,1
e87a4702ca5a64b7c10f7ccd6ebc8bc454560e58dcbc78a0e74f15fc9a59cdc5,3594,5361,1254,1003,1294,6504,1329,800,448,2232,34,11,12,138,61,4,2,5,6,138,1
e464a735624284456d3eb1708d718c768afbf5f4ed603984bdacdc7120408765,10535,10348,2703,2569,1387,3738,3104,1612,1112,4988,297,19,750,751,1028,349,463,279,45,749,1
e5348cbab8d7d3b245db81c6db8bdf6102db8afd231a8b6836d985d3d0878e64,6571,10948,2249,2624,2475,2976,2965,1603,624,5182,306,10,221,620,905,292,161,99,31,620,1
eba0482a5b1232db451b1a745dd8e99defb9f1194b070e2f5c20eeb251296a86,23636,47033,11799,2226,4805,8460,7715,4302,8820,7157,1144,0,67,0,1242,0,0,0,0,0,1
eebc9333049be75082af1cb0c8ecb798bcbea50e4b0208fa97a96c71aa68dc62,5765,10362,783,2496,1485,22295,3188,1915,548,4815,0,0,0,0,0,0,0,0,0,0,1
eec41a3e29e670a2590f9e37a8e1640853dd92aa70e00661c9e047b61273757d,2246,1380,924,144,309,218,574,162,219,294,184,19,1074,609,626,194,148,178,27,609,1
eef9b5684b6e673999c963232a0635744c8853a3758b7177e81afdef71249200,691,2203,828,216,17,258,14,5,6,60,32,8197,109,246,113,6,2,4,11,246,1
f540851ddbe177871c4b65f11a10bc1c047253d7de4bcda89918de821eac3b8b,7554,8906,2684,662,915,1005,1746,1166,718,1332,245,13,810,575,684,269,153,94,23,575,1
fca593068c0edebe88c5393b04c10c717d136f7edc3749d8ecb23ab98322c7ed,10170,10614,2575,2689,1092,3834,3408,1874,607,4645,297,6,757,672,1028,349,470,283,43,672,1
